d0fadc,127.0.0.1,GET,http://localhost/Marquisette/web/app_dev.php/Marquis,1475158776,,200
03f0fd,127.0.0.1,GET,http://localhost/Marquisette/web/app_dev.php/connexion,1475222027,,200
ecb3bf,127.0.0.1,GET,http://localhost/Marquisette/web/app_dev.php/connexion,1475222269,,200
8759b7,127.0.0.1,POST,http://localhost/Marquisette/web/app_dev.php/login_check,1475222277,,302
0a940a,127.0.0.1,GET,http://localhost/Marquisette/web/app_dev.php/Marquis,1475222277,,200
a3f8f0,127.0.0.1,GET,http://localhost/Marquisette/web/app_dev.php/gestion,1475222283,,200
692f16,127.0.0.1,GET,http://localhost/Marquisette/web/app_dev.php/gestion,1475222456,,200
77d6b0,127.0.0.1,GET,http://localhost/Marquisette/web/app_dev.php/gestion,1475222524,,200
c1e8a5,127.0.0.1,GET,http://localhost/Marquisette/web/app_dev.php/Marquis,1475222525,,200
1870e5,127.0.0.1,GET,http://localhost/Marquisette/web/app_dev.php/gestion,1475222851,,200
ad408c,127.0.0.1,GET,http://localhost/Marquisette/web/app_dev.php/Marquis,1475222856,,200
3c9bbf,127.0.0.1,GET,http://localhost/Marquisette/web/app_dev.php/Marquis,1475222897,,200
696b9a,127.0.0.1,GET,http://localhost/Marquisette/web/app_dev.php/Marquis,1475222903,,200
681680,127.0.0.1,GET,http://localhost/Marquisette/web/app_dev.php/Marquis,1475222921,,200
60a3b7,127.0.0.1,GET,http://localhost/Marquisette/web/app_dev.php/Marquis,1475222929,,200
ed40ee,127.0.0.1,GET,http://localhost/Marquisette/web/app_dev.php/Marquis,1475222956,,200
78b80d,127.0.0.1,GET,http://localhost/Marquisette/web/app_dev.php/Marquis,1475222988,,200
8d1dd7,127.0.0.1,GET,http://localhost/Marquisette/web/app_dev.php/Marquis,1475223172,,200
ccc94b,127.0.0.1,GET,http://localhost/Marquisette/web/app_dev.php/Marquis,1475223190,,200
70a886,127.0.0.1,GET,http://localhost/Marquisette/web/app_dev.php/Marquis,1475223249,,200
a03750,127.0.0.1,GET,http://localhost/Marquisette/web/app_dev.php/Marquis,1475223285,,200
cc5654,127.0.0.1,GET,http://localhost/Marquisette/web/app_dev.php/Marquis,1475223295,,200
6a299b,127.0.0.1,GET,http://localhost/Marquisette/web/app_dev.php/Marquis,1475223328,,200
d8cb33,127.0.0.1,GET,http://localhost/Marquisette/web/app_dev.php/Marquis,1475223362,,200
f9af6f,127.0.0.1,GET,http://localhost/Marquisette/web/app_dev.php/Marquis,1475223407,,200
1a0d26,127.0.0.1,GET,http://localhost/Marquisette/web/app_dev.php/Marquis,1475223963,,200
7a7bcb,127.0.0.1,GET,http://localhost/Marquisette/web/app_dev.php/Marquis,1475223982,,200
7678db,127.0.0.1,GET,http://localhost/Marquisette/web/app_dev.php/Marquis,1475224007,,200
02c45e,127.0.0.1,GET,http://localhost/Marquisette/web/app_dev.php/Marquis,1475224248,,200
42f483,127.0.0.1,GET,http://localhost/Marquisette/web/app_dev.php/Marquis,1475224262,,200
3fc4ae,127.0.0.1,GET,http://localhost/Marquisette/web/app_dev.php/Marquis,1475224275,,200
ce8ba1,127.0.0.1,GET,http://localhost/Marquisette/web/app_dev.php/Marquis,1475224478,,200
81d7cc,127.0.0.1,GET,http://localhost/Marquisette/web/app_dev.php/Marquis,1475224512,,200
f76e90,127.0.0.1,GET,http://localhost/Marquisette/web/app_dev.php/Marquis,1475226649,52e58d,200
52e58d,127.0.0.1,GET,http://localhost/Marquisette/web/app_dev.php/Marquis,1475226649,,500
498a6d,127.0.0.1,GET,http://localhost/Marquisette/web/app_dev.php/Marquis,1475226710,49b41b,200
49b41b,127.0.0.1,GET,http://localhost/Marquisette/web/app_dev.php/Marquis,1475226710,,500
baaaa4,127.0.0.1,GET,http://localhost/Marquisette/web/app_dev.php/Marquis,1475226763,bd043c,200
bd043c,127.0.0.1,GET,http://localhost/Marquisette/web/app_dev.php/Marquis,1475226763,,500
397e43,127.0.0.1,GET,http://localhost/Marquisette/web/app_dev.php/Marquis,1475226814,3d8800,200
3d8800,127.0.0.1,GET,http://localhost/Marquisette/web/app_dev.php/Marquis,1475226814,,500
